Index;DYS393;DYS390;DYS19;DYS391;DYS385a;DYS385b;DYS426;DYS388;DYS439;DYS389i;DYS392;DYS389ii;DYS458;DYS459a;DYS459b;DYS455;DYS454;DYS447;DYS437;DYS448;DYS449;DYS464a;DYS464b;DYS464c;DYS464d;DYS460;Y-GATA-H4;YCAIIa;YCAIIb;DYS456;DYS607;DYS576;DYS570;CDYa;CDYb;DYS442;DYS438;DYS531;DYS578;DYF395S1a;DYF395S1b;DYS590;DYS537;DYS641;DYS472;DYF406S1;DYS511;DYS425;DYS413a;DYS413b;DYS557;DYS594;DYS436;DYS490;DYS534;DYS450;DYS444;DYS481;DYS520;DYS446;DYS617;DYS568;DYS487;DYS572;DYS640;DYS492;DYS565;DYS710;DYS485;DYS632;DYS495;DYS540;DYS714;DYS716;DYS717;DYS505;DYS556;DYS549;DYS589;DYS522;DYS494;DYS533;DYS636;DYS575;DYS638;DYS462;DYS452;DYS445;Y-GATA-A10;DYS463;DYS441;Y-GGAAT-1B07;DYS525;DYS712;DYS593;DYS650;DYS532;DYS715;DYS504;DYS513;DYS561;DYS552;DYS726;DYS635;DYS587;DYS643;DYS497;DYS510;DYS434;DYS461;DYS435;TMRCA;Average number of actual mutations(lambda);Average number of mutation steps(k);
385724;13;22;13;10;14;16;12;12;12;13;15;29;18;9;10;11;11;25;14;19;29;14;15;15;15;10;9;19;19;15;14;18;15;32;38;12;11;11;8;15;17;8;10;10;8;13;11;0;22;22;16;11;12;12;18;8;12;24;16;14;12;11;13;10;12;13;13;36;16;9;15;12;28;28;18;11;12;12;11;10;9;11;11;10;11;11;33;12;13;29;15;11;9;20;15;21;13;25;16;13;16;24;12;22;17;12;15;17;9;13;11;0.0;0.0;0.0;
311223;13;22;13;10;14;16;12;12;12;13;15;29;17;9;9;11;11;24;14;19;30;14;15;15;16;10;9;19;19;15;14;17;16;33;38;12;11;11;8;15;19;8;11;10;8;12;11;0;22;22;16;11;12;12;17;8;12;24;16;14;12;11;13;10;12;13;13;37;15;9;15;11;28;28;18;11;12;12;11;11;9;11;11;10;11;11;33;12;12;30;15;11;9;20;15;22;13;25;17;12;16;24;12;22;17;12;15;17;9;13;11;1039.5010395010397;0.10810810810810813;0.1025692195056465;
103446;13;22;13;10;14;16;12;12;12;13;15;29;17;9;9;11;11;24;14;19;30;14;15;15;16;10;9;19;19;15;14;17;16;33;38;12;11;11;8;15;19;8;11;10;8;12;11;0;22;22;16;11;12;12;17;8;12;24;16;14;12;11;13;10;12;13;13;37;15;9;15;11;28;28;18;11;12;12;11;11;9;11;11;10;11;11;33;12;12;30;15;11;9;20;15;23;13;25;16;12;16;24;12;22;17;12;15;17;9;13;11;1126.126126126126;0.1171171171171171;0.11064528458081736;
163342;13;22;13;10;14;16;12;12;12;13;15;29;17;9;10;11;11;24;14;19;30;14;15;15;16;10;9;19;19;15;14;17;16;33;38;12;11;12;8;15;19;8;11;10;8;12;11;0;22;22;16;11;12;12;17;8;12;24;15;14;12;11;13;10;12;13;13;37;15;9;15;11;27;28;18;11;12;12;11;11;9;11;11;10;11;11;33;12;13;31;15;11;9;19;15;22;13;25;16;12;16;24;12;22;17;12;15;17;9;13;11;1212.7512127512127;0.12612612612612611;0.11865338390910145;
N17491;13;22;13;10;14;16;12;12;12;13;15;29;17;9;9;11;11;25;14;19;29;14;15;15;16;9;9;19;19;15;14;17;16;33;38;12;11;11;8;15;19;8;11;10;8;12;11;0;22;22;16;11;12;12;17;8;13;24;16;14;12;11;13;10;12;13;13;36;15;9;15;11;27;28;18;11;12;12;11;11;9;11;11;10;11;11;32;12;14;30;15;11;9;21;15;22;12;24;16;12;16;25;12;22;17;12;15;17;9;13;11;1212.7512127512127;0.12612612612612611;0.11865338390910145;
223137;13;22;13;10;14;16;12;12;12;13;15;29;17;9;9;11;11;24;14;19;30;14;15;15;16;10;9;19;19;15;14;17;16;33;38;12;11;11;8;15;19;8;11;10;8;12;11;0;22;22;17;11;12;12;17;8;12;25;16;14;12;11;13;10;12;13;13;37;15;9;15;11;27;28;18;12;12;12;11;11;9;11;11;10;11;11;33;12;12;30;15;11;9;20;15;22;14;25;16;12;16;24;12;22;17;12;15;17;9;13;11;1212.7512127512127;0.12612612612612611;0.11865338390910145;
172625;13;22;13;10;14;16;12;12;12;12;15;28;17;9;9;11;11;24;14;19;29;14;15;15;16;10;9;19;19;15;14;18;16;33;37;12;11;11;8;15;19;8;11;10;8;12;11;0;22;22;16;11;12;12;17;8;12;24;16;14;12;11;13;10;12;13;13;36;15;9;15;11;27;28;18;11;12;12;12;11;9;11;11;10;11;11;33;12;13;31;15;11;9;20;15;22;14;25;16;12;17;24;12;22;17;12;15;17;9;13;11;1256.063756063756;0.13063063063063063;0.12263223805597293;
82698;13;22;13;10;14;16;12;12;12;13;15;29;17;9;9;11;11;25;14;19;29;14;15;15;16;10;9;19;19;15;14;16;16;33;38;12;11;11;8;15;19;8;11;10;8;12;11;0;22;22;16;11;12;12;17;8;13;24;16;14;12;11;13;10;12;13;13;37;15;9;15;11;27;28;18;11;12;12;11;11;9;11;11;10;11;11;32;12;14;30;15;11;9;19;15;22;12;24;16;12;16;24;12;22;17;12;15;17;9;13;11;1299.3762993762996;0.13513513513513514;0.12659444932078132;
68802;13;22;13;10;15;16;12;12;12;13;15;29;17;9;9;11;11;25;14;19;29;14;15;15;16;10;9;19;19;15;14;16;16;33;37;12;11;11;8;15;19;8;11;10;8;12;11;0;22;22;16;11;12;12;17;8;13;24;16;14;12;11;13;10;12;13;13;36;15;9;15;11;27;28;18;11;12;12;11;11;9;11;11;10;11;11;32;12;14;30;15;11;9;20;15;22;12;24;16;12;16;24;12;22;17;12;15;17;9;13;11;1299.3762993762996;0.13513513513513514;0.12659444932078132;
231513;13;22;13;10;14;16;12;12;12;12;15;28;17;9;9;11;11;24;14;19;30;14;15;15;16;10;9;19;19;15;14;17;16;33;38;12;11;11;8;15;19;8;11;10;8;12;11;0;22;22;16;11;12;12;16;8;12;24;16;14;12;11;13;10;12;13;13;36;15;9;15;11;27;28;18;11;12;12;11;11;9;11;11;10;11;11;33;12;12;30;15;11;9;20;15;22;13;26;16;12;15;24;12;22;17;12;15;17;9;13;11;1299.3762993762996;0.13513513513513514;0.12659444932078132;
93226;13;22;13;10;14;16;12;12;12;13;15;29;17;9;9;11;11;25;14;19;29;14;15;15;16;10;9;19;19;15;14;17;16;33;38;13;11;11;8;15;18;8;11;10;8;12;10;0;22;22;16;11;12;12;17;8;12;24;16;14;12;11;13;10;12;13;13;38;15;9;15;11;27;28;18;11;12;12;11;11;9;11;11;10;11;11;32;12;14;30;15;11;9;21;15;22;12;25;16;12;15;23;12;22;17;12;15;17;9;12;11;1299.3762993762996;0.13513513513513514;0.12659444932078132;
225658;13;22;13;10;14;16;13;12;12;13;15;29;17;9;9;11;11;25;14;19;29;14;15;15;16;10;9;19;19;15;14;17;16;33;38;13;11;11;8;15;18;8;11;10;8;12;10;0;22;22;16;11;12;12;17;8;12;24;16;14;12;11;13;10;12;13;13;38;15;9;15;11;27;28;18;11;12;12;11;11;9;11;11;10;11;11;32;12;14;30;15;11;9;21;15;22;12;25;16;12;15;24;12;22;17;12;15;17;9;12;11;1299.3762993762996;0.13513513513513514;0.12659444932078132;
57385;13;22;13;10;14;15;12;12;12;13;15;29;17;9;9;11;11;25;14;19;29;14;15;15;16;10;9;19;19;16;14;18;16;32;38;12;11;11;8;15;19;8;11;10;8;12;11;0;22;22;16;11;12;12;16;8;12;24;16;14;12;11;13;10;12;13;13;37;15;9;15;11;27;27;18;11;12;12;11;11;9;11;11;10;11;11;32;12;14;30;15;11;9;19;15;22;12;25;16;12;16;24;12;22;17;12;15;17;9;12;11;1299.3762993762996;0.13513513513513514;0.12659444932078132;
61751;13;22;13;10;14;16;12;12;12;13;15;29;17;9;9;11;11;25;14;19;29;14;15;16;17;10;9;19;19;15;14;17;16;33;37;12;11;11;8;15;19;8;11;10;8;12;11;0;22;22;16;11;12;12;16;8;12;24;16;14;12;11;13;10;12;13;13;36;15;9;15;11;27;28;18;11;12;12;11;11;9;11;11;10;11;11;33;13;12;30;15;11;9;20;15;22;14;25;16;12;16;24;12;22;17;12;15;17;9;13;11;1342.6888426888427;0.13963963963963963;0.13054013242588897;
170400;13;22;13;10;14;17;12;12;13;13;15;29;17;9;9;11;11;25;14;19;29;14;15;15;16;10;9;19;19;15;14;17;16;33;37;12;11;11;8;15;19;8;11;10;8;12;12;0;22;22;16;11;12;12;17;8;14;24;16;14;12;11;13;10;12;13;13;36;15;9;15;11;27;28;18;11;12;12;11;11;9;11;11;10;11;11;32;12;14;29;15;11;9;20;15;22;12;25;15;12;16;24;12;22;17;12;15;17;9;13;11;1342.6888426888427;0.13963963963963963;0.13054013242588897;
3422;13;22;13;10;14;16;12;12;12;13;15;29;17;9;9;11;11;24;14;19;30;14;15;15;16;10;9;19;19;15;14;17;16;33;38;12;11;11;8;15;19;8;11;10;8;12;11;0;22;22;16;11;12;12;17;8;12;24;16;14;12;11;13;10;12;13;13;37;15;9;15;10;26;28;18;11;12;12;11;11;9;11;11;10;11;11;33;12;12;30;15;11;9;20;15;22;14;25;16;12;16;24;12;22;17;12;15;17;9;13;11;1342.6888426888427;0.13963963963963963;0.13054013242588897;
148637;13;22;13;10;15;16;12;12;12;13;15;29;17;9;9;11;11;25;14;19;29;14;15;15;16;10;9;19;19;15;14;16;16;33;37;12;11;11;8;15;19;8;11;10;8;12;11;0;22;22;16;11;12;12;17;8;13;24;16;14;12;11;13;10;12;13;13;37;15;9;15;11;27;28;18;11;12;12;11;11;9;11;11;10;11;11;32;12;14;30;15;11;9;20;15;22;12;24;16;12;16;24;12;22;17;12;15;17;9;13;11;1342.6888426888427;0.13963963963963963;0.13054013242588897;
180050;13;22;13;10;14;17;12;12;12;13;15;29;17;9;9;11;11;25;14;19;29;14;15;15;16;10;9;19;19;15;14;16;16;33;38;12;11;11;8;15;19;8;11;10;8;12;11;0;22;22;16;11;12;12;17;8;13;24;16;13;12;12;13;10;12;13;13;37;15;9;15;11;27;28;18;11;12;12;11;11;9;11;11;10;11;11;32;12;14;30;15;11;9;20;15;22;12;24;16;12;16;24;12;22;17;12;15;17;9;13;11;1386.0013860013862;0.14414414414414414;0.13446940139862415;
110473;13;22;13;10;14;16;12;12;12;13;15;29;17;9;9;11;11;25;14;19;30;14;15;15;16;10;9;19;19;15;14;18;16;34;38;12;11;11;8;15;18;8;11;10;8;12;11;0;22;22;16;11;12;12;16;8;12;24;16;14;12;11;13;10;12;13;13;37;15;9;15;11;27;28;18;11;12;12;11;11;9;11;11;10;11;11;32;13;14;30;15;11;9;21;15;23;12;25;16;12;16;24;12;22;17;12;15;17;9;13;11;1386.0013860013862;0.14414414414414414;0.13446940139862415;
247540;13;22;13;10;14;15;12;12;12;13;15;29;17;9;9;11;11;25;14;19;29;14;15;15;16;10;9;19;19;16;14;18;16;32;38;12;11;11;8;15;19;8;11;10;8;12;11;0;22;22;16;11;12;12;16;8;12;24;16;14;12;11;13;10;12;13;13;38;15;9;15;11;27;28;18;11;11;12;11;11;9;11;11;10;11;11;32;12;14;30;15;11;9;20;15;22;12;25;16;12;16;25;12;22;17;12;15;17;9;12;11;1429.3139293139295;0.14864864864864866;0.13838236957521094;
184532;13;22;13;10;15;17;12;12;12;13;15;29;17;9;9;11;11;25;14;19;29;14;15;15;16;10;9;19;19;15;14;17;16;34;38;12;11;11;8;15;19;8;11;10;8;12;11;0;22;22;16;11;12;12;16;8;12;24;16;15;12;11;13;10;12;13;13;36;15;9;15;11;27;28;18;11;12;12;11;11;9;11;11;10;11;11;32;12;14;30;15;11;9;21;15;22;12;25;16;12;16;24;12;22;17;12;15;17;9;13;11;1429.3139293139295;0.14864864864864866;0.13838236957521094;
330163;13;22;13;10;14;16;12;12;12;13;15;29;17;9;9;11;11;25;14;19;29;14;15;15;16;10;9;19;19;15;14;17;16;31;38;13;11;11;8;15;19;8;11;10;8;12;11;0;22;22;16;11;12;12;16;8;12;24;16;14;13;11;13;10;12;13;13;37;15;9;15;11;27;28;18;11;11;12;11;11;9;11;11;10;11;11;32;12;14;30;15;11;9;20;15;23;12;25;16;12;16;25;12;22;17;12;15;17;9;13;11;1472.6264726264726;0.15315315315315314;0.14227914960467813;
139521;13;22;13;10;14;18;12;12;12;13;15;29;17;9;9;11;11;25;14;19;29;14;15;15;16;10;9;19;19;15;14;17;16;33;39;12;11;11;8;15;19;8;11;10;8;12;11;0;22;22;16;11;12;12;16;8;12;24;16;14;12;11;13;10;12;13;13;35;15;9;15;11;27;28;18;11;12;12;11;11;9;11;11;10;11;11;32;12;13;30;15;11;9;20;15;22;12;25;16;11;16;24;12;22;17;12;15;17;9;13;11;1472.6264726264726;0.15315315315315314;0.14227914960467813;
163082;14;22;13;10;14;16;12;12;12;13;15;29;17;9;9;11;11;24;14;19;29;14;15;15;16;10;9;19;19;15;14;16;16;33;37;12;11;11;8;15;19;8;11;10;8;11;11;0;22;22;16;11;12;12;18;8;13;24;16;13;12;11;13;10;12;13;13;37;15;9;15;11;27;28;18;11;12;12;11;11;9;11;11;10;11;11;32;12;13;30;15;11;9;21;15;22;13;25;17;12;17;24;12;22;17;12;15;17;9;13;11;1515.939015939016;0.15765765765765766;0.14615985345274723;
158843;13;22;13;10;14;16;12;12;11;14;15;30;17;9;9;11;11;25;14;19;29;14;14;15;16;10;9;19;19;15;14;16;16;33;38;12;11;11;8;15;19;8;11;10;8;12;11;0;22;22;16;11;12;12;17;8;13;24;16;14;12;11;13;10;12;13;13;37;15;9;15;11;26;28;18;11;12;12;11;11;9;11;11;10;11;11;32;12;14;30;15;11;9;20;15;22;12;24;16;12;16;24;12;22;17;12;15;17;9;13;11;1559.2515592515595;0.16216216216216217;0.1500245924056987;
81677;14;22;13;10;14;16;12;12;12;13;15;29;18;9;9;11;11;24;14;19;29;14;15;15;16;10;9;19;19;15;14;17;16;34;37;12;11;11;8;15;18;8;11;10;8;11;11;0;22;22;16;11;12;12;18;8;12;24;16;14;12;11;13;10;12;13;13;38;15;9;15;11;27;28;18;11;11;12;11;11;9;11;11;10;11;11;33;12;13;30;15;11;9;21;15;22;14;27;17;12;16;24;12;22;17;12;15;17;9;13;11;1559.2515592515595;0.16216216216216217;0.1500245924056987;
N29859;13;22;13;10;14;17;12;12;12;13;15;29;17;9;9;11;11;25;14;19;29;14;15;15;16;10;9;19;19;15;14;17;16;34;38;12;11;11;8;15;19;8;11;10;8;12;11;0;21;22;17;11;12;12;16;8;12;24;16;14;12;11;13;10;12;13;12;37;15;9;15;11;27;28;18;11;12;12;11;11;9;11;11;10;11;11;32;12;14;30;15;11;9;20;15;22;12;25;16;11;16;24;12;22;17;12;15;17;9;13;11;1602.5641025641025;0.16666666666666666;0.15387347707421783;
305409;14;22;13;10;14;16;12;12;14;13;15;29;17;9;9;11;11;24;14;19;29;14;15;15;16;10;9;19;19;16;14;17;16;33;37;12;11;11;8;15;19;8;11;10;8;11;11;0;22;22;16;11;12;12;18;8;12;24;16;14;12;11;13;10;12;13;12;37;15;9;15;11;26;28;18;11;12;12;11;11;9;11;11;10;11;11;33;12;13;30;15;11;9;20;15;22;13;25;17;12;17;24;12;22;17;12;15;17;9;13;11;1602.5641025641025;0.16666666666666666;0.15387347707421783;
117351;13;22;13;10;14;16;12;12;12;13;15;29;17;9;9;11;11;24;14;19;30;14;15;15;16;10;9;19;19;15;14;17;16;34;38;12;11;11;8;15;19;8;11;10;8;12;11;0;22;22;16;11;12;12;17;8;12;24;16;14;12;11;13;10;12;13;13;37;15;9;15;11;27;28;18;11;9;12;11;11;9;11;11;10;11;11;32;12;12;30;15;11;9;20;15;22;14;25;16;12;16;24;12;22;17;12;15;17;9;13;11;1645.8766458766459;0.17117117117117117;0.15770661739721967;
272804;13;22;13;10;14;17;12;12;12;13;15;29;17;9;9;11;11;24;14;18;29;14;15;15;16;10;9;19;19;15;14;17;16;33;37;12;11;11;8;15;19;8;12;10;8;12;11;0;22;22;16;11;12;12;16;8;12;25;16;14;12;11;13;10;12;13;13;37;15;9;15;11;27;28;18;11;12;12;11;11;9;11;11;10;11;11;32;12;14;30;15;11;9;20;15;22;12;25;16;11;16;24;12;22;17;12;15;17;9;13;11;1645.8766458766459;0.17117117117117117;0.15770661739721967;
250897;13;22;13;10;14;17;12;12;12;13;15;29;17;9;9;11;11;24;14;19;29;14;15;15;16;10;9;19;19;15;14;17;16;33;36;12;11;11;8;15;19;8;12;10;8;12;11;0;22;22;16;11;12;12;16;8;12;24;16;14;12;11;13;10;12;13;13;37;15;9;15;11;28;28;18;11;12;12;11;11;9;11;11;10;11;11;32;12;14;30;15;11;9;20;15;23;12;25;16;11;16;24;12;22;17;12;15;17;9;13;11;1775.814275814276;0.1846846846846847;0.1691126616854578;
M9515;13;22;13;10;14;17;12;12;11;14;15;30;16;9;10;11;11;25;14;19;31;14;15;15;16;11;9;19;19;15;14;17;16;34;37;11;11;11;8;15;17;8;10;10;8;12;11;0;21;22;17;11;12;12;18;8;12;24;16;14;12;11;13;10;12;13;12;34;15;9;15;12;27;28;18;11;12;12;11;10;9;11;11;10;11;11;33;12;13;28;15;11;11;19;15;22;14;25;16;12;17;24;12;22;17;12;15;18;9;13;11;1862.4393624393626;0.1936936936936937;0.1766399551451578;
M8914;13;22;14;7;15;16;12;12;12;13;15;28;16;9;10;11;11;25;14;19;29;14;15;15;16;11;9;19;19;15;14;18;16;33;37;12;11;11;9;15;17;8;9;10;8;12;11;0;22;22;17;11;12;12;16;8;12;24;15;14;12;11;13;10;12;13;13;33;15;9;15;12;27;29;18;11;12;12;11;10;9;11;11;10;11;11;32;12;13;28;15;11;9;19;15;21;14;25;16;13;16;24;12;22;17;12;15;17;9;13;11;1992.3769923769923;0.2072072072072072;0.18781791752207416;
225803;13;22;13;10;14;18;12;12;12;13;15;29;17;9;9;11;11;25;14;19;29;14;15;15;16;10;9;19;19;15;14;17;16;33;37;12;11;11;8;15;19;8;11;10;8;12;11;0;22;22;16;11;12;12;15;8;12;24;16;14;12;11;13;10;12;13;13;36;15;9;15;11;27;28;18;11;12;12;11;11;9;11;11;10;11;11;30;12;14;30;15;11;9;20;15;23;12;25;16;12;16;24;12;22;17;12;15;17;9;13;11;2035.6895356895357;0.21171171171171171;0.1915141970112844;
115454;13;22;13;11;15;16;12;12;12;13;15;28;17;9;9;11;11;25;14;19;29;14;15;16;16;11;9;19;19;15;14;16;16;34;37;12;11;11;8;15;17;8;10;10;8;12;10;0;22;22;17;11;12;12;17;8;13;24;16;14;12;11;13;10;12;13;12;35;14;9;15;11;26;28;18;11;12;12;11;10;9;11;11;10;11;11;32;11;13;27;15;11;9;19;15;20;15;24;16;13;16;24;12;22;17;12;15;17;9;14;11;2079.0020790020794;0.21621621621621626;0.1951957954235375;
77189;13;22;13;10;14;19;12;12;12;13;15;29;17;9;9;11;11;25;14;19;29;14;15;15;16;10;9;19;19;16;14;17;16;34;37;12;11;11;8;15;19;8;10;10;8;12;11;0;22;23;16;11;12;12;16;8;12;24;16;14;12;11;13;10;12;13;13;38;15;9;15;11;27;28;18;11;12;12;11;11;9;11;11;10;11;11;32;12;15;30;15;11;9;21;15;22;12;24;16;12;16;24;12;22;17;12;15;17;9;13;11;2122.3146223146223;0.22072072072072071;0.1988628155548613;
137432;13;22;13;10;14;16;12;12;12;13;15;28;17;9;9;11;11;25;14;19;29;14;15;16;16;11;9;19;19;15;14;16;16;34;37;12;11;11;8;15;17;8;10;10;8;12;10;0;22;22;18;11;12;12;17;8;13;24;16;14;12;11;13;10;12;13;12;35;14;9;15;11;26;28;18;11;12;12;11;10;9;11;11;10;11;11;32;11;13;27;15;11;9;19;15;20;15;24;16;13;16;24;12;22;17;12;15;17;9;14;11;2122.3146223146223;0.22072072072072071;0.1988628155548613;
120337;13;22;13;10;14;17;12;12;13;13;15;29;16;9;10;11;11;25;14;19;29;14;15;15;16;11;9;19;20;15;15;17;16;34;36;12;11;11;8;15;17;8;10;10;8;13;10;0;22;22;16;11;12;12;18;8;12;24;16;14;12;11;13;10;12;13;13;33;15;9;15;12;26;28;18;11;12;12;11;10;9;11;11;10;11;11;33;12;13;27;15;11;9;19;15;19;14;25;14;13;16;24;12;22;17;12;15;18;9;12;11;2208.9397089397094;0.22972972972972974;0.2061535290251034;
100870;13;22;13;10;14;17;12;12;13;13;15;29;16;9;10;11;11;25;14;19;29;14;15;15;16;11;9;19;20;15;15;17;16;34;36;12;11;11;8;15;17;8;10;10;8;13;10;0;22;22;16;11;12;12;19;8;12;24;16;14;12;11;13;10;12;13;13;33;15;9;15;12;26;28;18;11;12;12;11;10;9;11;11;10;11;11;33;12;13;27;15;11;9;19;16;19;14;25;14;13;16;24;12;22;17;12;15;18;9;12;11;2295.564795564796;0.23873873873873874;0.21338714730507044;
320466;13;22;12;10;15;16;12;12;12;13;15;29;20;9;10;11;11;25;14;19;26;14;14;15;16;11;10;19;19;15;13;17;16;32;36;11;11;11;8;15;17;8;10;10;8;12;10;0;22;23;17;11;11;12;16;8;12;24;16;16;12;11;13;10;12;13;13;34;15;9;15;12;28;28;18;11;12;13;11;10;9;11;11;10;11;11;33;12;14;28;15;11;9;20;16;21;15;25;16;13;16;24;12;22;17;12;15;17;9;13;11;2295.564795564796;0.23873873873873874;0.21338714730507044;
N9217;13;22;13;10;14;17;12;12;12;13;15;29;17;9;9;11;11;25;14;19;29;14;15;15;16;10;9;19;19;15;14;16;16;33;38;12;11;11;8;15;19;8;11;10;8;12;11;0;22;22;16;11;12;12;17;8;13;24;16;14;12;11;13;10;12;13;13;37;15;9;15;11;26;28;18;11;12;12;11;11;9;11;11;10;11;11;32;12;14;24;15;11;9;20;15;22;12;24;16;12;16;24;12;22;17;12;15;17;9;13;11;2468.814968814969;0.25675675675675674;0.22768628859147869;
133381;12;22;13;10;13;13;12;12;12;13;15;29;18;9;9;11;11;25;14;19;29;14;15;15;16;11;9;19;19;15;14;16;16;34;40;12;11;11;8;15;17;8;11;10;8;11;11;0;22;22;17;11;12;12;16;8;12;25;16;14;12;11;13;10;12;13;13;34;15;8;15;11;26;28;18;11;12;12;11;10;9;11;11;10;11;11;33;11;13;28;15;11;9;20;15;21;15;25;16;12;16;24;12;22;17;12;15;17;9;14;11;2468.814968814969;0.25675675675675674;0.22768628859147869;
N16165;12;22;13;10;13;13;12;12;12;13;15;29;18;9;9;11;11;25;14;19;29;14;15;15;16;11;9;19;19;15;14;16;16;34;40;12;11;11;8;15;17;8;11;10;8;11;11;0;22;22;17;11;12;12;16;8;12;25;16;14;12;11;13;10;12;13;13;34;15;8;15;11;26;28;18;11;12;12;11;10;9;11;11;10;11;11;33;11;13;28;15;11;9;20;15;21;15;25;16;12;16;24;12;22;17;12;15;17;9;14;11;2468.814968814969;0.25675675675675674;0.22768628859147869;
191247;12;22;13;10;13;13;12;12;12;13;14;29;18;9;9;11;11;25;14;19;29;14;15;15;16;11;9;19;19;15;14;16;16;34;40;12;11;11;8;15;17;8;11;10;8;11;11;0;22;22;17;11;12;12;16;8;12;25;16;14;12;11;13;10;12;13;13;34;15;8;15;11;26;28;18;11;12;12;11;10;9;11;11;10;11;11;33;11;13;28;15;11;9;20;15;21;15;25;16;12;15;24;12;22;17;12;15;17;9;14;11;2555.4400554400554;0.26576576576576577;0.23475338246354135;
166843;12;22;13;10;13;13;12;12;12;13;15;29;18;9;9;11;11;25;14;19;30;14;15;15;16;11;9;19;19;15;14;16;16;34;40;12;11;11;8;15;17;8;11;10;8;11;11;0;22;22;17;11;12;12;16;8;12;25;16;14;12;11;13;10;12;13;13;34;15;8;15;11;26;28;18;11;12;12;11;10;9;11;11;10;11;11;32;11;13;28;15;11;9;21;15;21;15;25;16;12;16;24;12;22;17;12;15;17;9;13;11;2555.4400554400554;0.26576576576576577;0.23475338246354135;
303617;13;22;13;10;14;16;12;12;11;13;15;29;16;9;10;11;11;25;14;19;29;14;15;15;16;12;9;19;19;15;14;19;17;35;35;13;11;11;8;14;17;8;10;10;8;12;10;0;22;22;17;11;12;12;17;8;12;24;16;12;14;11;13;10;12;13;12;35;15;9;15;12;29;29;18;11;12;12;11;10;9;12;11;10;10;11;32;11;13;27;15;11;9;20;16;20;14;25;15;13;16;24;12;22;17;12;15;17;9;13;11;2772.0027720027724;0.2882882882882883;0.2521867352657861;
169897;12;22;13;10;13;13;12;12;12;13;15;29;18;9;9;11;11;25;14;19;29;14;15;15;16;11;9;19;19;15;14;16;16;34;41;12;11;11;8;15;17;8;11;10;8;11;11;0;22;22;17;11;12;12;16;8;12;25;16;14;12;11;13;10;12;13;13;34;15;8;15;11;26;28;18;11;12;12;11;10;9;11;11;10;11;11;33;11;13;29;15;11;9;20;15;21;16;25;16;12;16;24;12;22;17;12;15;17;9;14;11;2858.627858627859;0.2972972972972973;0.2590683046271879;
149506;12;22;13;10;13;13;12;12;12;13;15;29;18;9;9;11;11;26;14;19;29;14;15;15;16;11;9;19;19;15;14;16;16;33;41;12;11;11;8;15;17;8;11;10;8;11;11;0;22;22;17;11;12;12;16;8;12;25;16;14;12;11;13;10;12;13;13;34;15;8;15;11;26;28;18;11;12;12;11;10;9;11;11;10;11;11;33;11;13;28;15;11;9;19;15;21;16;25;16;12;16;24;12;22;17;12;15;17;9;14;11;2858.627858627859;0.2972972972972973;0.2590683046271879;
45731;13;22;13;10;14;16;12;12;12;13;15;29;17;9;9;11;11;25;14;19;29;14;15;15;16;10;9;19;19;15;14;16;16;33;38;12;11;11;8;15;19;8;11;10;8;12;11;0;22;22;16;11;12;12;17;8;13;24;16;15;12;11;13;10;12;13;13;37;15;9;15;11;27;28;18;11;12;13;11;11;9;11;11;10;11;11;32;12;14;23;15;11;9;20;15;22;12;24;16;12;15;24;12;22;17;12;15;17;9;13;11;2901.9404019404024;0.30180180180180183;0.26248979548930435;
156072;12;22;13;10;13;13;12;12;12;13;15;29;18;9;9;11;11;25;14;19;29;14;15;15;16;11;9;19;19;15;14;16;16;35;41;12;11;11;8;15;17;8;11;10;8;11;11;0;22;22;17;11;12;12;16;8;12;25;16;14;12;11;13;10;12;13;13;34;15;8;15;11;26;28;18;11;12;12;11;10;9;11;11;10;11;11;33;11;13;28;15;11;9;20;15;21;15;25;16;12;16;24;12;22;17;12;15;17;9;14;11;2901.9404019404024;0.30180180180180183;0.26248979548930435;
N118436;13;22;13;10;14;17;12;11;13;13;16;29;17;9;9;11;11;25;14;19;30;14;14;15;15;11;9;19;19;15;13;17;16;33;34;13;9;11;8;15;17;8;10;10;8;12;11;0;22;22;18;11;12;12;18;8;13;24;16;14;12;11;13;10;12;13;12;35;15;9;15;12;27;28;18;11;12;12;11;10;9;11;11;10;11;11;31;12;13;27;15;11;9;19;15;20;14;26;14;12;16;25;12;22;17;12;12;17;9;13;11;3075.190575190575;0.31981981981981983;0.2760492611336483;
193005;13;22;13;10;14;16;12;12;12;14;15;30;19;9;9;11;11;25;14;19;29;15;15;16;17;11;9;19;19;15;14;16;16;33;36;11;11;11;8;15;17;8;10;10;8;12;11;0;22;22;17;11;12;12;19;8;12;24;18;14;12;11;13;10;12;13;12;35;14;9;15;12;25;28;18;11;12;11;11;10;9;12;11;10;11;11;31;12;11;26;16;11;9;22;15;20;15;24;15;12;16;25;12;22;17;13;14;18;9;11;11;3638.2536382536387;0.3783783783783784;0.31877834900389834;
M7949;13;22;13;10;14;16;12;12;13;13;15;29;19;9;9;11;12;26;14;19;32;14;15;15;17;11;9;19;19;15;14;17;16;34;34;11;12;11;8;15;17;8;11;10;8;12;11;0;22;22;17;12;12;12;17;8;12;24;17;14;12;11;13;10;12;11;13;29;15;9;15;12;27;27;18;11;11;10;11;10;9;13;11;10;11;11;32;12;13;25;14;11;9;23;15;20;15;24;16;12;16;24;12;22;17;12;15;17;9;14;11;6453.568953568954;0.6711711711711712;0.5071066101533769;
M7540;13;22;13;10;14;16;12;12;13;13;15;29;18;9;9;11;12;26;14;19;33;13;15;15;17;11;9;19;19;15;14;17;16;34;34;11;12;11;8;15;17;8;11;10;8;12;11;0;20;22;17;12;12;12;17;8;12;24;17;14;12;11;13;10;12;13;13;29;15;9;15;12;27;27;18;11;12;10;11;10;9;13;11;10;11;11;32;12;14;25;14;11;9;22;15;20;15;24;16;12;16;24;12;22;17;12;15;17;9;13;11;6496.881496881497;0.6756756756756757;0.509733956823442;
227474;13;22;13;10;14;18;12;12;12;13;15;29;17;9;9;11;11;25;14;19;29;14;15;15;16;10;9;19;19;15;14;17;16;33;38;12;11;11;8;15;18;8;11;10;8;12;11;0;22;22;16;11;12;12;16;8;12;24;16;14;12;11;13;10;12;13;14;35;15;9;15;11;27;28;18;11;12;12;11;11;9;11;11;10;11;11;32;12;13;0;15;11;9;20;15;22;12;25;16;12;16;24;12;22;17;12;15;17;9;13;11;37595.2875952876;3.90990990990991;1.9941367615387597;
77242;13;22;13;10;14;18;12;12;12;13;15;29;17;9;9;11;11;25;14;19;29;14;15;15;16;10;9;19;19;15;14;17;16;33;38;12;11;11;8;15;19;8;11;10;8;12;11;0;22;22;16;11;12;12;16;8;12;24;16;15;12;11;13;10;12;13;14;35;15;9;15;11;27;28;18;11;12;12;11;11;9;11;11;10;11;11;32;12;13;0;15;11;9;20;15;22;12;25;16;12;16;24;12;22;17;12;15;17;9;13;11;37768.537768537775;3.927927927927928;2.0026234512874685;
196332;13;22;13;10;14;16;12;12;12;13;15;29;17;9;9;11;11;25;14;19;29;14;15;15;16;10;9;19;19;15;14;17;16;33;38;13;11;12;8;15;19;8;11;10;8;12;11;0;22;22;16;11;12;12;16;8;12;24;16;14;13;11;13;10;12;13;13;38;15;9;15;11;27;28;18;11;12;12;11;11;9;11;11;10;11;11;32;12;14;0;15;11;9;21;15;22;12;25;16;12;16;25;12;22;17;12;15;17;9;12;11;37941.787941787945;3.9459459459459456;2.011116301266765;
274038;13;22;13;10;14;18;12;12;12;13;15;29;17;9;9;11;11;25;14;19;29;14;15;15;15;10;9;19;19;16;14;17;16;35;37;11;11;11;8;15;15;8;11;10;8;12;11;0;22;22;16;11;12;12;16;8;12;24;16;14;12;11;13;10;12;13;13;37;15;9;15;11;27;28;18;11;12;12;11;11;9;11;11;10;11;11;32;12;14;0;15;11;9;20;15;21;12;25;16;12;16;24;12;22;17;12;15;17;9;13;11;38115.038115038114;3.963963963963964;2.019615258021269;
50021;13;22;13;10;14;16;12;12;12;13;15;29;17;9;9;11;11;25;14;19;29;14;15;15;16;10;9;19;19;15;14;17;17;34;38;12;11;11;8;15;19;8;11;10;8;12;11;0;22;22;16;11;12;12;16;8;12;24;16;14;12;11;13;10;12;13;13;37;14;9;15;11;28;29;18;11;11;12;11;11;9;11;11;10;11;11;32;12;14;0;15;11;9;22;15;22;12;25;16;12;16;24;12;22;17;12;15;17;9;14;11;38201.6632016632;3.972972972972973;2.023867009718803;
273421;13;22;13;10;14;16;12;12;13;13;15;29;17;9;9;11;11;25;14;19;29;14;15;15;16;10;9;19;19;15;14;17;16;34;38;12;11;11;8;15;19;8;11;10;8;12;11;12;22;22;17;11;12;12;16;8;12;24;16;14;12;11;13;10;12;13;13;37;15;9;15;11;28;28;18;11;11;12;11;11;9;11;11;10;11;11;32;12;14;0;15;11;9;22;15;22;12;24;16;12;16;24;12;22;17;12;15;17;9;13;11;44222.10672210673;4.599099099099099;2.3226850773402594;
